Номер вопроса,Вопрос,Phase 5 (Sub 3 - Best),DeepSeek Hybrid (Sub 4),GPT-4o-mini Hybrid (Sub 5)
1,"Under Article 8(1) of the Operating Law 2018, is a person permitted to operate or conduct business in or from the DIFC without being incorporated, registered, or continued under a Prescribed Law or other Legislation administered by the Registrar?",False,False,None
2,What is the Date of Issue of the document in case CFI 057/2025?,2025-09-16,2026-02-02,None
3,"According to the title page of the Common Reporting Standard Law, what is its official DIFC Law number?",2.0,"{
  ""answer"": 2,
  ""sources"": [
    {
      ""doc_id"": ""fbdd7f9dd299d83b1f398778da2e6765dfaaed62005667264734a1f76ec09071"",
      ""page_numbers"": [1]
    }
  ]
}",None
4,Do cases SCT 295/2025 and SCT 514/2025 involve any of the same legal entities or individuals as main parties?,None,False,None
5,What kind of liability do Partners have under Article 28(1) of the General Partnership Law 2004?,"Under Article 28(1) of the General Partnership Law 2004, each Partner is liable jointly and severally with the other Partners for all debts and obligations of the General Partnership incurred while he is a Partner, unless otherwise agreed by all the other Partners.","Under Article 28(1) of the General Partnership Law 2004, each Partner is jointly and severally liable with the other Partners for all debts and obligations of the General Partnership incurred while he is a Partner, unless otherwise agreed by all the other Partners.",None
6,"Under the Foundations Law DIFC Law No. 3 of 2018, what is the maximum fine for failing to provide a copy of an assignment of rights to the Registered Agent or Registrar within 30 days?","The maximum fine for failing to provide a copy of an assignment of rights to the Registered Agent or Registrar within 30 days is $1,500. This is based on Article 10(7) of the Foundations Law, which specifies a fine for a person failing to provide a copy of assignment of rights.","Under the Foundations Law DIFC Law No. 3 of 2018, the maximum fine for failing to provide a copy of an assignment of rights to the Registered Agent or Registrar within 30 days is $1,500.",None
7,"Under the Operating Law - DIFC Law No. 7 of 2018, who is responsible for appointing and dismissing the Registrar?","Under the Operating Law, the Board of Directors of the DIFCA is responsible for appointing and dismissing the Registrar. Specifically, the Board of Directors of the DIFCA shall appoint an individual to serve as the Registrar and may dismiss such a person from the office of Registrar. However, prior to appointing or dismissing the Registrar, the Board of Directors of the DIFCA must consult the President.","Under the Operating Law, the Board of Directors of the DIFCA is responsible for appointing and dismissing the Registrar, but it must consult the President prior to doing so.",None
8,Is there any main party common to both case CFI 057/2025 and case SCT 295/2025?,False,None,None
9,"Between SCT 295/2025 and SCT 514/2025, which document has the earlier issue date?",None,SCT 295/2025,None
10,What was the result of the application heard in case CFI 057/2025?,"The result of the application heard in case CFI 057/2025 cannot be determined from the provided Context. The Context includes the case title and procedural background for CFI 057/2025, but it does not contain the final order or outcome of the specific application that was heard.","The result of the application heard in case CFI 057/2025 is not explicitly stated in the provided context, as the order document is cut off before detailing the outcome.",None
11,"Between CFI 010/2024 and SCT 169/2025, which document has the earlier issue date?",CFI 010/2024,CFI 010/2024,None
12,"From the title pages of all documents in case CA 005/2025 and case CFI 067/2025, identify whether any individual or company is named as a main party in both cases.",None,False,None
13,Do cases CA 004/2025 and SCT 295/2025 involve any of the same legal entities or individuals as parties?,None,False,None
14,Identify whether any person or company is a main party to both ENF 269/2023 and SCT 514/2025.,None,None,None
15,Identify the case with the higher monetary claim: SCT 169/2025 or SCT 295/2025?,None,None,None
16,Which case has an earlier Date of Issue: CFI 010/2024 or CFI 016/2025?,CFI 010/2024,CFI 010/2024,None
17,Which specific DIFC Laws were amended by DIFC Law No. 2 of 2022?,"Based on the provided context, DIFC Law No. 2 of 2022 amended the following specific DIFC Laws: the Common Reporting Standard Law (DIFC Law No. 2 of 2018), the Employment Law (DIFC Law No. 2 of 2019), the General Partnership Law (DIFC Law No. 11 of 2004), the Law on the Application of Civil and Commercial Laws in the DIFC (DIFC Law No. 3 of 2004), the Personal Property Law (DIFC Law No. 9 of 2005), and the Limited Liability Partnership Law (DIFC Law No. 5 of 2004).",DIFC Law No. 2 of 2022 amended the Common Reporting Standard Law (DIFC Law No. 2 of 2018) and the General Partnership Law (DIFC Law No. 11 of 2004).,None
18,"Under Article 14(1) of the Employment Law 2019, how many days does an Employer have to provide an Employee with a written Employment Contract after the commencement of employment?",7.0,"{
  ""answer"": 7,
  ""sources"": [
    {
      ""doc_id"": ""33bc02044716acdfedb164b065bdaec098aaadcae863c591f9931c88e7307d16"",
      ""page_numbers"": [7]
    }
  ]
}",None
19,Who is the defendant in case ARB 034/2025?,ONORA,ONORA,None
20,"If a Muslim Employee works during the holy month of Ramadan, what is the maximum number of hours they can be required to work each day according to Article 23 of the Employment Law 2019?",6.0,"{
  ""answer"": 6,
  ""sources"": [
    {
      ""doc_id"": ""33bc02044716acdfedb164b065bdaec098aaadcae863c591f9931c88e7307d16"",
      ""page_numbers"": [14]
    }
  ]
}",None
21,"Based on the full case files for DEC 001/2025 and CFI 057/2025, was there any judge involved in both cases?",None,None,None
22,"Under the Operating Law 2018, can the Registrar be held liable for acts or omissions in performing their functions if the act or omission is shown to have been in bad faith, according to Article 7(8)?",True,True,None
23,What was the result of the application heard in case SCT 169/2025?,"The result of the application heard in case SCT 169/2025 was that the Defendant's application for an adjournment of the appeal hearing was refused. The hearing proceeded as scheduled on 15 December 2025 after the Defendant's initial request for an adjournment due to illness was denied, and a subsequent renewed application for adjournment by the Defendant's newly appointed legal representative was also refused.",The provided context does not contain any information about the result of an application in case SCT 169/2025.,None
24,Do cases CFI 067/2025 and SCT 514/2025 involve any of the same legal entities or individuals as main parties?,None,False,None
25,What is the effective date for due diligence requirements for Pre-existing Accounts and New Accounts under the Common Reporting Standard Law 2018?,"The effective date for due diligence requirements for Pre-existing Accounts under the Common Reporting Standard Law 2018 is 31 December 2016, and for New Accounts it is 1 January 2017. This is based on Article 6 of the Law, which states these dates apply retrospectively.","Under the Common Reporting Standard Law 2018, the effective date for due diligence requirements for Pre-existing Accounts is 31 December 2016, and for New Accounts is 1 January 2017, and these provisions apply retrospectively.",None
26,"According to Article 2 of the DIFC Personal Property Law 2005, who made this Law?","According to Article 2 of the DIFC Personal Property Law 2005, this Law was made by the Ruler of Dubai.","According to Article 2 of the DIFC Personal Property Law 2005, this Law was made by the Ruler of Dubai.",None
27,"Based on the second page of the document, was the Claimant's application for continuation of the ASI Order granted by the court in case ARB 034/2025?",False,False,None
28,"According to Article 14(2)(l) of the Employment Law 2019, what is the maximum probation period in months for an Employee, except in specific fixed-term contract circumstances?",6.0,"{
  ""answer"": 6,
  ""sources"": [
    {
      ""doc_id"": ""33bc02044716acdfedb164b065bdaec098aaadcae863c591f9931c88e7307d16"",
      ""page_numbers"": [8]
    }
  ]
}",None
29,"According to page 2 of the judgment, from which specific claim number did the appeal in CA 009/2024 originate?",None,None,None
30,Does the Law on the Application of Civil and Commercial Laws in the DIFC Law No. 3 of 2004 apply in the jurisdiction of the Dubai International Financial Centre?,True,True,None
31,"Under Article 11(5) of the DIFC Trust Law 2018, is a term of the trust expressly declaring that the laws of the DIFC shall govern the trust valid, effective, and conclusive regardless of any other circumstance?",True,True,None
32,Is there any main party that appeared in both cases CA 004/2025 and SCT 514/2025?,None,False,None
33,What does Article 16(1)(c) of the Employment Law 2019 require an Employer to keep records of regarding an Employee's remuneration?,"Article 16(1)(c) of the Employment Law 2019 requires an Employer to keep records of 'the Employee's Remuneration (gross and net, where applicable), and the applicable Pay Period'.","Article 16(1)(c) of the Employment Law 2019 requires an Employer to keep records of the Employee's Remuneration (gross and net, where applicable), and the applicable Pay Period.",None
34,"Looking at the title/cover page of every document across both case TCD 001/2024 and case CFI 016/2025, is there any party (claimant or defendant) common to both cases?",None,None,None
35,"What was the outcome of the specific order or application described in case CFI 016/2025, based on the last page of the document?","The outcome of the specific order or application described in case CFI 016/2025 cannot be determined from the provided Context, as the Context does not contain any information referencing case CFI 016/2025.","The specific application described in case CFI 016/2025, the Claimant's Application No. CFI-016-2025/3 seeking a variation of the Judgment in relation to awarded costs (the 'No Costs Application'), was dismissed.",None
36,"Under Article 11 of the General Partnership Law 2004, is an unincorporated body of persons carrying on business for profit automatically deemed a partnership if there is an agreement specifying it as a body corporate?",True,False,None
37,"If the Relevant Authority confirms a fine or action after an appeal under Article 21(5) of the Common Reporting Standard Law 2018, how many business days does the Reporting Financial Institution have to pay the fine or perform the action?",15.0,"{
  ""answer"": 15,
  ""sources"": [
    {
      ""doc_id"": ""fbdd7f9dd299d83b1f398778da2e6765dfaaed62005667264734a1f76ec09071"",
      ""page_numbers"": [13]
    }
  ]
}",None
38,"According to Article 28(4) of the DIFC Trust Law 2018, can an order made consequential to a declaration under Articles 24 to 27 prejudice a purchaser in good faith for value of trust property without notice of the voidable matters?",False,False,None
39,Is there any main party that appeared in both cases ARB 034/2025 and SCT 514/2025?,None,None,None
40,Did cases CA 004/2025 and ARB 034/2025 have any judges in common?,None,None,None
41,"According to Article 12(4) of the Common Reporting Standard Law and Article 18(2)(b) of the General Partnership Law, what are the retention periods for records?","The retention period for records under Article 12(4) of the Common Reporting Standard Law is six (6) years after the date of reporting the information. The provided context does not contain an Article 18(2)(b) of the General Partnership Law, so no retention period can be determined for that article.","According to Article 12(4) of the Common Reporting Standard Law, Reporting Financial Institutions must retain records in an electronically readable format for a retention period of six (6) years after the date of reporting the information. The provided context for the General Partnership Law does not contain an Article 18(2)(b) specifying a retention period for records.",None
42,Which case has an earlier Date of Issue: ENF 269/2023 or SCT 514/2025?,None,ENF 269/2023,None
43,Is there a judge who presided over both case CFI 057/2025 and case ENF 269/2023?,False,None,None
44,Who are listed as the claimants in the case documents for SCT 295/2025?,['Olexa'],['OLEXA'],None
45,What was the result of the application heard in case CFI 067/2025?,"The application in case CFI 067/2025 was dismissed. The Defendant's Application No. CFI-067-2025/1, which sought immediate judgment and/or strike out, was dismissed by H.E. Justice Shamlan Al Sawalehi in an order dated 26 January 2026. Consequently, the Applicant (Defendant) was ordered to pay the Respondent (Claimant) 80% of the Respondent's costs of the Application, assessed on the standard basis, totaling USD 155,879.50.","The application heard in case CFI 067/2025 was the Defendant's Application No. CFI-067-2025/1 dated 4 August 2025, which sought immediate judgment pursuant to Rule 24.1 of the DIFC Courts Rules and/or strike out pursuant to RDC 4.16. This application was dismissed by the Order of H.E. Justice Shamlan Al Sawalehi dated 26 January 2026.",None
46,Who were the claimants in case CFI 010/2024?,['Fursa Consulting'],['Fursa Consulting'],None
47,"According to Article 19(2)(c) of the Common Reporting Standard Law 2018, how many days does a Reporting Financial Institution have to pay a fine for opening a New Account without a valid self-certification after receiving notification?",30.0,"{
  ""answer"": 30,
  ""sources"": [
    {
      ""doc_id"": ""fbdd7f9dd299d83b1f398778da2e6765dfaaed62005667264734a1f76ec09071"",
      ""page_numbers"": [11]
    }
  ]
}",None
48,"According to Article 9(9)(a) of the Operating Law 2018, how many months does a Licence typically have effect from its issue date by the Registrar?",12.0,"{
  ""answer"": 12,
  ""sources"": [
    {
      ""doc_id"": ""72ea171147bf30326fe6fd2e6798f607c7cef4bf9d43761dbccd2f1b6a356849"",
      ""page_numbers"": [9]
    }
  ]
}",None
49,Which case has an earlier Date of Issue: SCT 169/2025 or SCT 295/2025?,SCT 169/2025,SCT 169/2025,None
50,"If a Reporting Financial Institution fails to provide specified information during an investigation, does this constitute obstruction of Inspectors under Article 17(b) of the Common Reporting Standard Law 2018?",True,True,None
51,"Considering all documents across case CA 005/2025 and case TCD 001/2024, was there any judge who participated in both cases?",None,False,None
52,"According to Article 10 of the Employment Law 2019, how many months after the Termination Date must a claim under this Law be presented to the Court, unless otherwise specified?",6.0,"```json
{
    ""answer"": 6,
    ""sources"": [
        {
            ""doc_id"": ""09660f78c26cd56c08c7253ed21ba01fb246092f482ccd8acd8e6f9b6fd2d917"",
            ""page_numbers"": [4]
        }
    ]
}
```",None
53,What official law number is stated on the cover page of the DIFC Trust Law?,4.0,"{
  ""answer"": 4,
  ""sources"": [
    {
      ""doc_id"": ""4e387152960c1029b3711cacb05b287b13c977bc61f2558059a62b7b427a62eb"",
      ""page_numbers"": [50]
    }
  ]
}",None
54,Who are listed as the claimants in the case documents for CFI 067/2025?,['COINMENA B.S.C. (C)'],['COINMENA B.S.C. (C)'],None
55,"Under Article 26(2) of the Employment Law 2019, for how many months after the actual date of childbirth is a female Employee returning from Maternity Leave entitled to nursing breaks if her working time exceeds six hours?",6.0,None,None
56,"According to Article 19(4) of the General Partnership Law 2004, how many months after the end of the financial year must the accounts for that year be prepared and approved by the Partners?",6.0,"{
  ""answer"": 6,
  ""sources"": [
    {
      ""doc_id"": ""302a0bd8d67775e8dc5960ecec7879be566300d8b32c4b0153ba15ebdb279425"",
      ""page_numbers"": [8]
    }
  ]
}",None
57,"If a Reporting Financial Institution obtains or creates records in a language other than English under the Common Reporting Standard Law 2018, what must it provide upon request to the Relevant Authority?","Under Article 12(5) of the Common Reporting Standard Law, a Reporting Financial Institution that obtains or creates records for any purpose under this Law in a language other than English must, upon request, provide an English translation to the Relevant Authority.","Upon request, the Reporting Financial Institution must provide an English translation of the records to the Relevant Authority.",None
58,On what date was the DIFC Personal Property Law 2005 enacted?,The date of enactment for the DIFC Personal Property Law 2005 is the date specified in the Enactment Notice in respect of this Law. The context does not provide the specific calendar date of enactment.,"The DIFC Personal Property Law 2005 was enacted on the date specified in the Enactment Notice in respect of this Law, as the exact calendar date is not provided in the given context.",None
59,"Looking only at the last page of the document in case SCT 514/2025, what was the outcome of the specific order or application described?","The context does not contain any information about a case with the reference SCT 514/2025, nor does it provide the last page of a document for that case. Therefore, the outcome of the specific order or application described in the question cannot be determined from the provided context.",The Permission to Appeal Application was refused.,None
60,"Across all documents in case DEC 001/2025 and case SCT 514/2025, is there any legal entity or individual that appears as a main party in both cases?",None,False,None
61,Were the Miranda rights properly administered in case ENF 269/2023?,None,"No, the question of whether Miranda rights were properly administered is not addressed in the provided context, as the documents pertain to civil proceedings in the DIFC Courts regarding the enforcement of an arbitral award and the collateral use of disclosed materials, not to criminal procedures or the administration of Miranda rights.",None
62,When was the consolidated version of the Law on the Application of Civil and Commercial Laws in the DIFC published?,"The consolidated version of the Law on the Application of Civil and Commercial Laws in the DIFC was published in November 2024, as stated on the title page of the document.",The consolidated version of the Law on the Application of Civil and Commercial Laws in the DIFC was published in November 2024.,None
63,Does the DIFC law numbered DIFC Law No. 7 of 2018 deal with insolvency and preferential debts?,False,None,None
64,"Summarize the court's final ruling in case CFI 010/2024, as stated on the first page of the document.","The context does not contain the first page of a document for case CFI 010/2024, nor does it provide a summary of the court's final ruling for that specific case. The provided sources discuss procedural orders, legal interpretations, and rulings from other cases or hearings, but none are explicitly identified as the first page of the final ruling in CFI 010/2024.","The court's final ruling in case CFI 010/2024, as stated on the first page of the document, is that the Claimant's Application for a Default Costs Certificate is dismissed and the Claimant shall bear its own costs of the Application.",None
65,Which case has an earlier Date of Issue: CFI 016/2025 or ENF 269/2023?,ENF 269/2023,ENF 269/2023,None
66,"According to Article 16(1) of the Operating Law 2018, what document must every Registered Person file with the Registrar at the same time as applying for Licence renewal?",Confirmation Statement,Confirmation Statement,None
67,"Under Article 11(2)(b) of the Employment Law 2019, can an Employee waive any right under this Law by entering into a written agreement with their Employer to terminate employment, provided they were given an opportunity to receive independent legal advice or took part in mediation?",True,True,None
68,Which case has an earlier Date of Issue: CA 004/2025 or SCT 295/2025?,None,SCT 295/2025,None
69,What was the outcome of the specific order or application described in case SCT 295/2025?,"The outcome of the order in case SCT 295/2025 was that the Claimant's Application for Permission to Appeal the Judgment was refused, and there was no order as to costs.","The outcome of the specific order or application described in case SCT 295/2025 is not explicitly stated in the provided context. The context only describes the procedural background, including the review of the Judgment, the Claimant's Application for Permission to Appeal, the Defendant's response, and a hearing, but does not state the final decision on that application.",None
70,Review the full case files for DEC 001/2025 and TCD 001/2024 — did any judge preside over proceedings in both cases?,None,True,None
71,"According to the Conclusion section of case CA 009/2024, how did the Court of Appeal rule, and what costs were awarded?","According to the Conclusion section of case CA 009/2024, the Court of Appeal allowed the appeal in part. It restored the Second Part 50 order in its amended form against Ms Onita and dismissed the appeal against the Order insofar as it related to Mr Oron. The Court accepted the second ground of appeal, finding the Judge was wrong in his approach to and interpretation of the rule and in finding Ms Onita was not an Officer. Regarding costs, the Appellant succeeded substantially in establishing the principles and the Judge's error concerning Ms Onita but failed regarding the other target. Consequently, the Appellant is in principle entitled to its costs with a measure of discount, as there is a substantial disparity in the costs claimed by the parties.","The Court of Appeal allowed the appeal in part, restoring the amended Second Part 50 order against Ms. Onita and dismissing the appeal as it related to Mr. Oron. The court found the judge was wrong in his approach and interpretation of the rule regarding Ms. Onita. On costs, the court ruled the appellant was in principle entitled to its costs but with a discount, as it succeeded substantially against Ms. Onita but failed against the other target (Mr. Oron). The appellant's claimed costs were USD 121,082.50, and the respondents' were USD 38,000, with the court noting a substantial disparity partly justified by the appellant's extensive research.",None
72,What was the claim value in AED referenced in the appeal judgment CA 005/2025?,405351504.0,None,None
73,"Between CFI 016/2025 and CFI 057/2025, which document has the earlier issue date?",CFI 016/2025,CFI 016/2025,None
74,"According to Article 13 of the Employment Law 2019, can an Employer employ a child who is under sixteen years of age?",False,False,None
75,"According to Article 7(3)(j) of the Operating Law 2018, can the Registrar delegate its functions and powers to officers or employees of the DIFCA without the approval of the Board of Directors of the DIFCA?",True,None,None
76,"From the header/caption section of each document in case TCD 001/2024, identify all parties listed as Claimant.",['ARCHITERIORS INTERIOR DESIGN (L.L.C)'],['ARCHITERIORS INTERIOR DESIGN (L.L.C)'],None
77,Is there a judge who presided over both case CA 004/2025 and case CFI 010/2024?,None,None,None
78,What is the minimum period for which a DIFC-incorporated General Partnership and a DIFC-incorporated Limited Liability Partnership must preserve their accounting records?,"Based on the context, a DIFC-incorporated General Partnership must preserve its accounting records for at least six (6) years from the date of their creation, as per Article 18(2)(b) of the General Partnership Law. Similarly, a DIFC-incorporated Limited Liability Partnership must preserve its accounting records for at least six (6) years from the date of their creation, as per Article 25(3)(b) of the Limited Liability Partnership Law. Both laws specify this as the minimum period, subject to any other period that may be prescribed in the Regulations.","A DIFC-incorporated Limited Liability Partnership must preserve its accounting records for at least six years from the date they were created, unless a different period is prescribed in the Regulations. The context does not provide information regarding the preservation period for accounting records of a DIFC-incorporated General Partnership.",None
79,What did the jury decide in case ENF 269/2023?,"The context does not contain any information about a jury decision in case ENF 269/2023. The provided document for ENF 269/2023 is an enforcement order from the Court of Appeal, and it does not mention a jury or a jury decision.",The context does not mention a jury decision in case ENF 269/2023; the document shows it was an enforcement order issued by H.E. Chief Justice Wayne Martin of the DIFC Court of Appeal.,None
80,"According to Article 14(2)(b) of the General Partnership Law 2004, how many years must a Recognised Partnership's Accounting Records be preserved?",6.0,"{
  ""answer"": 6,
  ""sources"": [
    {
      ""doc_id"": ""302a0bd8d67775e8dc5960ecec7879be566300d8b32c4b0153ba15ebdb279425"",
      ""page_numbers"": [6]
    }
  ]
}",None
81,Is there a judge who presided over both case ARB 034/2025 and case CFI 067/2025?,None,None,None
82,"Under Article 10(3) of the Operating Law 2018, how many days does a Registered Person have to change its name if it becomes misleading, deceptive, or conflicting?",30.0,None,None
83,"Between ARB 034/2025 and SCT 295/2025, which was issued first?",SCT 295/2025,SCT 295/2025,None
84,"According to the 'IT IS HEREBY ORDERED THAT' section of arbitration case ARB 034/2025, what did the court decide?","According to the 'IT IS HEREBY ORDERED THAT' section of arbitration case ARB 034/2025, the court decided three things. First, the interim anti-suit injunction (the ASI Order) was discharged with immediate effect. Second, the Defendant's application to set aside the ASI Order was granted. Third, the Claimant was ordered to pay the Defendant's costs of that set aside application on the standard basis.","The court decided to discharge the anti-suit injunction order with immediate effect, granted the Defendant's application to set it aside, and ordered the Claimant to pay the Defendant's costs of that application on the standard basis.",None
85,"Based on all documents in case CFI 010/2024 and case DEC 001/2025, did any judge appear in both cases?",None,None,None
86,"According to the 'IT IS HEREBY ORDERED THAT' section of case SCT 454/2024, what was the outcome of the application for permission to appeal?","According to the 'IT IS HEREBY ORDERED THAT' section of case SCT 454/2024, the application for permission to appeal was refused. Specifically, the order states: '1. The request for an oral hearing of the Application is refused. 2. The Application is refused.'","According to the 'IT IS HEREBY ORDERED THAT' section of case SCT 454/2024, the application for permission to appeal was refused.",None
87,What was the plea bargain in case ARB 034/2025?,None,The provided context does not contain any information regarding a plea bargain in case ARB 034/2025.,None
88,"According to the 'IT IS HEREBY ORDERED THAT' section of case CFI 092/2024, what was the outcome of the Defendants' application?","According to the 'IT IS HEREBY ORDERED THAT' section of case CFI 092/2024, the Defendants' application was dismissed. The claim is to proceed to trial to be determined alongside the main issues.","The 'IT IS HEREBY ORDERED THAT' section for case CFI 092/2024 is not provided in the given context. The provided excerpt from Source 2 only details the procedural background and the filing of the Defendants' application, but does not include the court's final order or its outcome.",None
89,"According to Article 12(4) of the Common Reporting Standard Law 2018, for how many years must records be retained by Reporting Financial Institutions after the date of reporting the information?",6.0,"{
  ""answer"": 6,
  ""sources"": [
    {
      ""doc_id"": ""fbdd7f9dd299d83b1f398778da2e6765dfaaed62005667264734a1f76ec09071"",
      ""page_numbers"": [7]
    }
  ]
}",None
90,Who are listed as the claimants in the case documents for SCT 454/2024?,['OLETA'],['OLETA'],None
91,Was the same judge involved in both case CFI 010/2024 and case CFI 016/2025?,False,False,None
92,"Under Article 11(1) of the Employment Law 2019, is a provision in an agreement to waive minimum employment requirements void in all circumstances, except where expressly permitted by the Law?",True,True,None
93,Which case was issued earlier by the Court of First Instance: CFI 057/2025 or CFI 067/2025?,CFI 057/2025,CFI 057/2025,None
94,Which case has an earlier Date of Issue: ENF 269/2023 or SCT 169/2025?,None,ENF 269/2023,None
95,Is there any information about parole hearings in case CFI 057/2025?,None,"No, there is no information about parole hearings in case CFI 057/2025. The provided context discusses court hearings related to injunctions, evidence submissions, and a permission to appeal application, but does not mention any parole hearings.",None
96,"According to the title page of the DIFC Law on the Application of Civil and Commercial Laws, what is its official law number?",3.0,None,None
97,"Under Article 22 of the Operating Law 2018, for how many years from the date the Registrar becomes aware of an act or omission can the Registrar exercise powers in respect of a former Registered Person removed from the Public Register?",3.0,"{
  ""answer"": 3,
  ""sources"": [
    {
      ""doc_id"": ""72ea171147bf30326fe6fd2e6798f607c7cef4bf9d43761dbccd2f1b6a356849"",
      ""page_numbers"": [15]
    }
  ]
}",None
98,Who is responsible for administering the Employment Law and any Regulations made under it?,"The DIFC Employment Law 2019 is administered by the DIFCA. This is explicitly stated in Article 8, which reads: 'This Law and any Regulations made under it shall be administered by the DIFCA.'",The DIFCA is responsible for administering the Employment Law and any Regulations made under it.,None
99,Who administers the Foundations Law?,"The Foundations Law is administered by the Registrar, as explicitly stated in Article 8 of the Foundations Law.",The Foundations Law is administered by the Registrar.,None
100,What is the purpose of Article 9(1) of the Foundations Law?,"Article 9(1) of the Foundations Law grants the Board of Directors of the DIFCA the authority to make Regulations to facilitate the administration of, or further the objects of, this Law.","The purpose of Article 9(1) of the Foundations Law is to authorize the Board of Directors of the DIFCA to make Regulations to facilitate the administration of, or further the objects of, this Law.",None
